<?xml version="1.0" encoding="UTF-8"?>
<!DOCTYPE platform PUBLIC "-//NetBeans//DTD Java PlatformDefinition 1.0//EN" "http://www.netbeans.org/dtds/java-platformdefinition-1_0.dtd">
<platform default="yes" name="JDK 1.7 (Default)">
    <properties>
        <property name="platform.ant.name" value="default_platform"/>
    </properties>
    <javadoc>
        <resource>file:/usr/lib/jvm/java-7-openjdk-amd64/docs/</resource>
        <resource>jar:file:/home/reuben/installs/jdk-7u45-apidocs.zip!/docs/jdk/api/jpda/jdi/</resource>
        <resource>jar:file:/home/reuben/installs/jdk-7u45-apidocs.zip!/docs/technotes/guides/imf/api-sample/</resource>
        <resource>jar:file:/home/reuben/installs/jdk-7u45-apidocs.zip!/docs/jre/api/management/extension/</resource>
        <resource>jar:file:/home/reuben/installs/jdk-7u45-apidocs.zip!/docs/jdk/api/javadoc/doclet/</resource>
        <resource>jar:file:/home/reuben/installs/jdk-7u45-apidocs.zip!/docs/jdk/api/javac/tree/</resource>
        <resource>jar:file:/home/reuben/installs/jdk-7u45-apidocs.zip!/docs/jre/api/javaws/jnlp/</resource>
        <resource>jar:file:/home/reuben/installs/jdk-7u45-apidocs.zip!/docs/jdk/api/attach/spec/</resource>
        <resource>jar:file:/home/reuben/installs/jdk-7u45-apidocs.zip!/docs/jdk/api/jconsole/spec/</resource>
        <resource>jar:file:/home/reuben/installs/jdk-7u45-apidocs.zip!/docs/jre/api/plugin/dom/</resource>
        <resource>jar:file:/home/reuben/installs/jdk-7u45-apidocs.zip!/docs/api/</resource>
        <resource>jar:file:/home/reuben/installs/jdk-7u45-apidocs.zip!/docs/jdk/api/apt/mirror/</resource>
    </javadoc>
</platform>
